"logLi","aic","bic","time","no.param","treatment"
-301.586089776819,627.172179553638,654.154122458231,84.781848192215,2,"ambient"
-323.466694589304,670.933389178608,697.389700611299,85.9015679359436,2,"elevated"
