"Treatment","GPP (g C)","Rg (g C)","Rm (g C)","Cs (g C)","Cf (g C)","Cr (g C)","Cw (g C)","Cflit (g C)","Crlit (g C)"
"ambient",12300.2775466079,3066.95151950568,2502.98344030396,226.487236313328,1496.34565372073,1473.62143247231,3227.84170693853,118.924259883833,187.122297469588
"elevated",13047.6269385131,2925.28495302436,2826.67412944291,135.79189194627,1688.83480776714,1127.15663654485,3957.6473979554,199.460885941996,186.776235890179
